id,generated
0000aaaa,0.004221653784682712
1111bbbb,0.004221653784682712
2222cccc,0.004221653784682712
