id,generated
0000aaaa,0.0033109181472324354
1111bbbb,0.0033109181472324354
2222cccc,0.0033109181472324354
